Town,Area
Kingsbridge,Bronx
University Heights,Bronx
Williston Park,Long Island
Huntington Station,Long Island
Shinnecock Hills,Long Island
Sayville,Long Island
Kings Park,Long Island
Elmont,Long Island
Plainview,Long Island
Mineola,Long Island
Wantagh,Long Island
Springfield Gardens,Queens
Elmont,Queens
Princeton,New Jersey
Park Ridge,New Jersey
Secaucus,New Jersey
Wayne,New Jersey
Millburn,New Jersey
irvington,New Jersey
Garfield,New Jersey
Kearny,New Jersey
Hoboken,New Jersey
Jersey city,New Jersey
Seaside Park,New Jersey
Saddle River,New Jersey
Westport,Essex
Williamsburg,Brooklyn
carnarsie,Brooklyn
Fairfield,Connecticut
Stamford,Connecticut
Manhattan,Manhattan
new york,Manhattan
Purchase,Harrison
Mamaroneck,Westchester
Manasquan,New Jersey
Hudson,New Jersey
Upper East Side,Manhattan
Englewood,New Jersey
Roslyn Heights,Nassau
Massapequa,Nassau
Manhasset,Nassau
Jericho,Nassau
pocantico,Westchester
peekskill,Westchester
Weehawken,New Jersey
Merrick,Nassau
Woodbury,New Jersey
Maplewood,New Jersey
Meadowlands Racetra,New Jersey
ridgewood,New Jersey
Hicksville,Long Island
Fair Haven,Connecticut
Tenafly,New Jersey
Teaneck,New Jersey
nj,New Jersey
Hackensack,New Jersey
Farmingdale,Long Island
Greenpoint,Brooklyn
Manhasset,Nassau
ghent,Columbia
Syosset,Nassau
Armonk,North Castle
Richmond Hill,Queens
Scarsdale,Westchester
Seaford,Nassau
Emerson,New Jersey
Woodmere,Nassau
Harrison,Westchester
Maywood,Rochester
Hampton,Washington
qu,Queens
Upper West Side,Manhattan
Summit,New Jersey
Huntington,Long Island
Woodbridge,New Jersey
Old Tappan,New Jersey
hardyston,New Jersey
Mahwah ,New Jersey
Albertson,Nassau
Andover,Allegany
Franklin Township ,New Jersey
River Vale ,New Jersey
Wilton,Saratoga
Washington Township,New Jersey
Somers,Westchester
manhatten ,Manhattan